2017-05-18,A,55.85,0.388
2017-05-18,AAL,44.65,1.5461
2017-05-18,AAP,148.51,1.9895
2017-05-18,AAPL,152.54,3.571
2017-05-18,ABBV,65.63,0.5957
2017-05-18,ABC,86.69,2.4625
2017-05-18,ABT,42.98,0.5828
2017-05-18,ACN,120.4,0.7648
2017-05-18,ADBE,134.54,1.1731
2017-05-18,ADI,80.48,1.9654
2017-05-18,ADM,41.31,1.0943
2017-05-18,ADP,98.35,2.4542
2017-05-18,ADS,234.66,7.8802
2017-05-18,ADSK,95.83,1.6547
2017-05-18,AEE,55.3,0.3497
2017-05-18,AEP,68.31,0.3826
2017-05-18,AES,11.18,0.1183
2017-05-18,AET,140.23,2.0626
2017-05-18,AFL,73.72,0.4693
2017-05-18,AGN,218.73,9.8131
2017-05-18,AIG,61.39,0.4732
2017-05-18,AIV,42.79,0.3243
2017-05-18,AIZ,99.28,2.5418
2017-05-18,AJG,55.38,0.313
2017-05-18,AKAM,47.0,4.6467
2017-05-18,ALB,110.0,1.2993
2017-05-18,ALGN,137.69,2.48
2017-05-18,ALK,83.04,1.2861
2017-05-18,ALL,84.72,1.1674
2017-05-18,ALXN,116.67,5.7966
2017-05-18,AMAT,43.91,1.1735
2017-05-18,AMD,11.275,1.0453
2017-05-18,AME,59.14,0.7078
2017-05-18,AMG,149.51,1.7592
2017-05-18,AMGN,157.96,2.3265
2017-05-18,AMP,124.42,1.9229
2017-05-18,AMT,127.98,1.1742
2017-05-18,AMZN,958.49,9.0453
2017-05-18,ANDV,81.49,1.4471
2017-05-18,ANSS,120.34,4.1172
2017-05-18,ANTM,176.69,1.9374
2017-05-18,AON,126.69,2.3221
2017-05-18,AOS,53.02,0.6935
2017-05-18,APA,49.92,1.1454
2017-05-18,APC,52.08,1.6921
2017-05-18,APD,142.71,1.4294
2017-05-18,APH,72.45,0.6651
2017-05-18,ARE,117.09,1.2269
2017-05-18,ARNC,26.92,0.3786
2017-05-18,ATVI,55.15,1.4169
2017-05-18,AVB,191.86,0.9078
2017-05-18,AVGO,237.66,6.1934
2017-05-18,AVY,82.5,0.5342
2017-05-18,AWK,75.25,1.2648
2017-05-18,AXP,76.38,0.9106
2017-05-18,AYI,169.11,7.8628
2017-05-18,AZO,673.79,14.7477
2017-05-18,BA,177.4,2.4773
2017-05-18,BAC,22.74,0.4844
2017-05-18,BAX,57.07,0.581
2017-05-18,BBT,42.13,0.6306
2017-05-18,BBY,50.63,0.4741
2017-05-18,BDX,182.61,1.979
2017-05-18,BEN,41.87,0.5599
2017-05-18,BF.B,52.58,1.5836
2017-05-18,BIIB,252.81,7.0518
2017-05-18,BK,46.2,0.4487
2017-05-18,BLK,388.48,3.0245
2017-05-18,BLL,39.75,0.7701
2017-05-18,BRK.B,161.62,1.759
2017-05-18,BSX,26.14,0.1659
2017-05-18,BWA,40.13,0.7931
2017-05-18,BXP,120.27,2.2653
2017-05-18,C,60.08,0.7659
2017-05-18,CA,31.04,0.606
2017-05-18,CAG,37.68,0.239
2017-05-18,CAH,72.19,0.4156
2017-05-18,CAT,100.22,1.1108
2017-05-18,CB,138.56,0.6216
2017-05-18,CBG,33.13,1.1452
2017-05-18,CBOE,84.41,0.8963
2017-05-18,CBS,60.38,1.8656
2017-05-18,CCI,98.65,1.4092
2017-05-18,CCL,61.04,1.0263
2017-05-18,CDNS,32.32,0.2572
2017-05-18,CELG,117.4,2.5404
2017-05-18,CERN,63.82,0.4881
2017-05-18,CF,27.41,0.7393
2017-05-18,CHD,49.68,0.7313
2017-05-18,CHK,5.57,0.1665
2017-05-18,CHRW,68.06,1.8334
2017-05-18,CHTR,315.88,8.3349
2017-05-18,CI,160.1,2.3617
2017-05-18,CINF,68.98,0.9385
2017-05-18,CL,73.93,1.2746
2017-05-18,CLX,130.74,1.0287
2017-05-18,CMA,67.63,1.4892
2017-05-18,CMCSA,38.67,0.3715
2017-05-18,CME,115.76,1.0145
2017-05-18,CMG,484.74,7.8446
2017-05-18,CMI,151.84,2.7257
2017-05-18,CMS,45.75,0.259
2017-05-18,CNC,75.62,0.6179
2017-05-18,CNP,27.21,0.4085
2017-05-18,COF,79.27,1.3665
2017-05-18,COG,23.07,0.5299
2017-05-18,COL,102.05,0.8486
2017-05-18,COO,210.39,3.1001
2017-05-18,COP,46.42,0.5136
2017-05-18,COST,170.72,4.4331
2017-05-18,CPB,56.94,0.3119
2017-05-18,CRM,87.75,1.1186
2017-05-18,CSCO,31.38,0.7642
2017-05-18,CSX,50.23,0.7843
2017-05-18,CTAS,120.58,0.8328
2017-05-18,CTL,24.59,0.6209
2017-05-18,CTSH,65.02,1.8446
2017-05-18,CTXS,82.59,2.2468
2017-05-18,CVS,76.62,1.7887
2017-05-18,CVX,105.17,0.813
2017-05-18,CXO,130.12,2.8361
2017-05-18,D,78.32,0.5515
2017-05-18,DAL,47.66,1.1879
2017-05-18,DE,112.67,1.1039
2017-05-18,DFS,59.28,0.8462
2017-05-18,DG,71.13,1.2426
2017-05-18,DGX,105.65,0.7569
2017-05-18,DHI,33.25,0.4061
2017-05-18,DIS,106.68,2.5216
2017-05-18,DISCA,25.18,0.8977
2017-05-18,DISCK,24.53,0.8883
2017-05-18,DISH,62.55,0.9122
2017-05-18,DLR,114.66,1.2787
2017-05-18,DLTR,79.0,1.4758
2017-05-18,DOV,80.83,1.3505
2017-05-18,DPS,90.43,0.3503
2017-05-18,DRE,28.3,0.2685
2017-05-18,DRI,86.45,0.9345
2017-05-18,DTE,105.34,0.6255
2017-05-18,DUK,83.25,0.5078
2017-05-18,DVA,64.1,2.005
2017-05-18,DVN,36.9,0.6519
2017-05-18,EA,106.93,7.2409
2017-05-18,EBAY,33.73,0.4355
2017-05-18,ECL,126.74,0.9838
2017-05-18,ED,79.92,0.406
2017-05-18,EFX,135.27,1.1287
2017-05-18,EIX,77.96,0.696
2017-05-18,EL,91.38,1.9995
2017-05-18,EMN,77.25,0.9982
2017-05-18,EMR,58.45,0.6968
2017-05-18,EOG,91.69,1.7577
2017-05-18,EQIX,425.76,2.8769
2017-05-18,EQR,65.41,0.4165
2017-05-18,EQT,55.47,1.0535
2017-05-18,ESRX,59.26,0.9709
2017-05-18,ESS,255.88,2.5112
2017-05-18,ETFC,33.39,0.8406
2017-05-18,ETN,76.07,0.4524
2017-05-18,ETR,75.77,0.6873
2017-05-18,EW,111.95,1.2774
2017-05-18,EXC,35.08,0.4594
2017-05-18,EXPD,52.61,0.9325
2017-05-18,EXPE,141.26,2.0274
2017-05-18,EXR,75.9,1.1956
2017-05-18,F,10.79,0.167
2017-05-18,FAST,42.94,1.05
2017-05-18,FB,147.66,1.9781
2017-05-18,FBHS,62.84,0.3997
2017-05-18,FCX,11.29,0.393
2017-05-18,FDX,188.73,2.0979
2017-05-18,FE,28.16,0.2854
2017-05-18,FFIV,125.9,1.9847
2017-05-18,FIS,82.81,0.4253
2017-05-18,FISV,120.04,0.6493
2017-05-18,FITB,23.82,0.3872
2017-05-18,FL,70.45,2.41
2017-05-18,FLIR,37.35,0.2746
2017-05-18,FLR,45.47,2.1455
2017-05-18,FLS,48.56,0.5782
2017-05-18,FMC,72.34,1.2876
2017-05-18,FRT,124.29,3.9719
2017-05-18,FTI,31.54,0.5038
2017-05-18,GD,192.64,1.356
2017-05-18,GE,27.48,0.6257
2017-05-18,GGP,22.39,0.3104
2017-05-18,GILD,64.43,1.2969
2017-05-18,GIS,55.91,0.4914
2017-05-18,GLW,28.77,0.2527
2017-05-18,GM,32.47,0.6038
2017-05-18,GOOGL,950.5,8.8569
2017-05-18,GPC,91.65,0.5609
2017-05-18,GPN,88.77,2.8905
2017-05-18,GPS,23.19,1.0816
2017-05-18,GRMN,51.0,0.6478
2017-05-18,GS,215.16,4.0351
2017-05-18,GT,32.06,1.1945
2017-05-18,GWW,173.3,5.8927
2017-05-18,HAL,46.58,0.6502
2017-05-18,HAS,99.53,1.0214
2017-05-18,HBAN,12.5,0.2376
2017-05-18,HBI,20.36,0.7691
2017-05-18,HCA,81.26,1.2244
2017-05-18,HCN,72.93,1.1618
2017-05-18,HCP,31.72,0.6215
2017-05-18,HD,155.7,1.2883
2017-05-18,HES,47.78,1.1421
2017-05-18,HIG,48.69,0.3257
2017-05-18,HII,190.34,3.7156
2017-05-18,HOG,52.76,1.258
2017-05-18,HOLX,43.08,1.1728
2017-05-18,HON,130.42,0.6094
2017-05-18,HP,57.05,0.9104
2017-05-18,HRB,25.29,0.7357
2017-05-18,HRL,34.15,0.2389
2017-05-18,HRS,107.44,1.0038
2017-05-18,HSIC,88.525,0.6627
2017-05-18,HST,18.03,0.2592
2017-05-18,HSY,110.76,1.1325
2017-05-18,HUM,228.81,2.8857
2017-05-18,IBM,150.78,3.5079
2017-05-18,ICE,58.59,0.8839
2017-05-18,IDXX,161.59,1.4149
2017-05-18,IFF,134.26,3.746
2017-05-18,ILMN,175.89,4.3412
2017-05-18,INCY,128.8,3.8961
2017-05-18,INTC,35.22,0.657
2017-05-18,INTU,125.15,0.7864
2017-05-18,IP,50.82,0.7986
2017-05-18,IPG,24.17,0.2632
2017-05-18,IR,88.17,0.678
2017-05-18,IRM,35.41,0.2737
2017-05-18,ISRG,286.6597,2.0876
2017-05-18,IT,112.41,0.802
2017-05-18,ITW,135.35,1.3518
2017-05-18,IVZ,31.24,0.568
2017-05-18,JBHT,84.03,1.8957
2017-05-18,JCI,41.77,0.3482
2017-05-18,JEC,51.4,1.3754
2017-05-18,JNJ,126.97,1.772
2017-05-18,JNPR,29.59,0.3673
2017-05-18,JPM,83.96,1.1125
2017-05-18,JWN,40.66,3.9601
2017-05-18,K,70.08,0.9045
2017-05-18,KEY,17.68,0.3766
2017-05-18,KIM,18.21,0.8239
2017-05-18,KLAC,100.85,0.8141
2017-05-18,KMB,126.72,0.849
2017-05-18,KMI,19.45,0.323
2017-05-18,KMX,63.71,1.5342
2017-05-18,KO,43.8,0.2135
2017-05-18,KORS,35.45,1.0044
2017-05-18,KR,29.09,0.4926
2017-05-18,KSS,37.05,1.4321
2017-05-18,KSU,90.17,0.9138
2017-05-18,L,46.05,0.499
2017-05-18,LB,49.69,1.7826
2017-05-18,LEG,50.1,1.1816
2017-05-18,LEN,50.098,0.5413
2017-05-18,LH,138.26,1.5748
2017-05-18,LKQ,30.87,0.2462
2017-05-18,LLL,160.69,2.9023
2017-05-18,LLY,78.3,1.4486
2017-05-18,LMT,267.32,1.8876
2017-05-18,LNC,64.59,1.4033
2017-05-18,LNT,39.82,0.2593
2017-05-18,LOW,84.05,0.7391
2017-05-18,LRCX,149.81,1.2109
2017-05-18,LUK,24.62,0.4463
2017-05-18,LUV,57.29,0.6535
2017-05-18,LYB,80.41,1.2446
2017-05-18,M,22.76,3.0073
2017-05-18,MA,116.24,0.7665
2017-05-18,MAA,99.89,0.5336
2017-05-18,MAC,58.14,2.4419
2017-05-18,MAR,102.53,3.3006
2017-05-18,MAS,37.02,0.1996
2017-05-18,MAT,22.08,0.3031
2017-05-18,MCD,147.01,1.9334
2017-05-18,MCHP,79.34,2.1614
2017-05-18,MCK,141.44,2.448
2017-05-18,MCO,113.39,1.9902
2017-05-18,MDLZ,45.0,0.551
2017-05-18,MDT,82.4,0.6542
2017-05-18,MET,49.81,0.9499
2017-05-18,MGM,30.96,0.4231
2017-05-18,MHK,228.48,2.1167
2017-05-18,MKC,100.11,0.4367
2017-05-18,MLM,229.28,4.947
2017-05-18,MMC,74.5,0.3465
2017-05-18,MMM,195.24,1.5236
2017-05-18,MNST,46.81,1.2951
2017-05-18,MO,70.54,0.2425
2017-05-18,MON,115.79,0.3779
2017-05-18,MOS,22.85,1.0464
2017-05-18,MPC,51.94,0.9322
2017-05-18,MRK,63.89,0.5535
2017-05-18,MRO,14.12,0.224
2017-05-18,MS,41.31,0.7978
2017-05-18,MSFT,67.71,0.6074
2017-05-18,MSI,80.83,1.6474
2017-05-18,MTB,157.08,1.6268
2017-05-18,MTD,561.5,19.4525
2017-05-18,MU,27.48,0.684
2017-05-18,MYL,38.15,0.6724
2017-05-18,NBL,30.72,0.5428
2017-05-18,NCLH,49.12,2.5608
2017-05-18,NDAQ,66.74,0.6057
2017-05-18,NEE,136.94,1.1946
2017-05-18,NEM,33.31,0.582
2017-05-18,NFLX,155.7,2.1965
2017-05-18,NFX,33.66,0.5993
2017-05-18,NI,24.5,0.1671
2017-05-18,NKE,51.68,1.097
2017-05-18,NLSN,39.04,0.4788
2017-05-18,NOC,246.88,1.5581
2017-05-18,NOV,34.02,0.3043
2017-05-18,NRG,15.24,0.5151
2017-05-18,NSC,112.8,1.743
2017-05-18,NTAP,40.15,0.5593
2017-05-18,NTRS,86.74,1.5537
2017-05-18,NUE,55.88,1.9703
2017-05-18,NVDA,133.07,13.8409
2017-05-18,NWL,51.87,3.388
2017-05-18,OKE,49.82,1.0137
2017-05-18,OMC,82.37,0.7858
2017-05-18,ORCL,44.17,0.4511
2017-05-18,ORLY,249.78,4.886
2017-05-18,OXY,60.29,0.8201
2017-05-18,PAYX,57.43,0.7841
2017-05-18,PBCT,16.74,0.2812
2017-05-18,PCAR,62.33,1.7685
2017-05-18,PCG,65.63,0.5767
2017-05-18,PCLN,1796.03,44.3831
2017-05-18,PDCO,42.51,0.8783
2017-05-18,PEG,43.79,0.4376
2017-05-18,PEP,114.03,0.6664
2017-05-18,PFE,32.22,0.4891
2017-05-18,PFG,60.55,1.282
2017-05-18,PG,85.87,0.2729
2017-05-18,PGR,41.57,0.5486
2017-05-18,PH,152.29,2.4767
2017-05-18,PHM,22.75,0.3186
2017-05-18,PKG,99.22,1.6204
2017-05-18,PKI,61.66,1.1636
2017-05-18,PLD,54.77,0.3839
2017-05-18,PM,113.58,1.1584
2017-05-18,PNC,117.36,1.9984
2017-05-18,PNR,65.95,0.8585
2017-05-18,PNW,84.61,0.322
2017-05-18,PPG,105.39,1.5316
2017-05-18,PPL,38.8,0.2918
2017-05-18,PRGO,70.5,1.4618
2017-05-18,PRU,103.45,1.7771
2017-05-18,PSA,216.12,2.6273
2017-05-18,PSX,77.55,0.8159
2017-05-18,PVH,99.09,1.6309
2017-05-18,PWR,31.22,1.5675
2017-05-18,PX,128.37,1.9002
2017-05-18,PXD,172.75,2.2606
2017-05-18,QCOM,56.12,0.7861
2017-05-18,RCL,104.98,1.4592
2017-05-18,RE,243.85,2.4813
2017-05-18,REG,60.24,1.4769
2017-05-18,RF,14.01,0.2005
2017-05-18,RHI,46.07,0.7372
2017-05-18,RHT,85.52,1.2515
2017-05-18,RJF,72.2,1.4854
2017-05-18,RL,71.38,3.9382
2017-05-18,RMD,67.5,0.705
2017-05-18,ROK,154.22,1.3321
2017-05-18,ROP,219.35,2.4132
2017-05-18,ROST,61.07,1.6171
2017-05-18,RRC,24.74,0.5529
2017-05-18,RSG,61.67,0.6815
2017-05-18,RTN,157.89,1.7184
2017-05-18,SBAC,132.0,1.9643
2017-05-18,SBUX,59.82,0.4364
2017-05-18,SCG,64.99,0.4149
2017-05-18,SCHW,38.33,0.7761
2017-05-18,SEE,42.94,1.2127
2017-05-18,SHW,331.22,3.0267
2017-05-18,SIG,59.33,2.6831
2017-05-18,SJM,125.9,0.5488
2017-05-18,SLB,71.43,0.5472
2017-05-18,SLG,101.86,1.4615
2017-05-18,SNA,164.32,2.3953
2017-05-18,SNI,66.62,2.1383
2017-05-18,SNPS,70.93,0.9959
2017-05-18,SO,49.77,0.2249
2017-05-18,SPG,154.01,5.3522
2017-05-18,SPGI,137.45,1.1394
2017-05-18,SRCL,83.76,1.1297
2017-05-18,SRE,110.76,0.5263
2017-05-18,STI,54.07,1.4091
2017-05-18,STT,79.89,1.3243
2017-05-18,STX,42.25,0.5602
2017-05-18,STZ,180.84,2.8694
2017-05-18,SWK,134.97,1.4393
2017-05-18,SWKS,103.2,1.496
2017-05-18,SYK,134.84,0.7634
2017-05-18,SYMC,29.74,0.9234
2017-05-18,SYY,54.43,0.813
2017-05-18,T,37.95,0.412
2017-05-18,TAP,92.52,1.2201
2017-05-18,TDG,247.8,4.1881
2017-05-18,TEL,73.89,0.8451
2017-05-18,TGT,55.83,1.1723
2017-05-18,TIF,91.97,0.5973
2017-05-18,TJX,74.48,2.074
2017-05-18,TMK,74.57,0.8882
2017-05-18,TMO,171.74,1.8179
2017-05-18,TPR,44.67,1.9282
2017-05-18,TRIP,44.61,1.0581
2017-05-18,TROW,69.71,0.8625
2017-05-18,TRV,120.88,0.4247
2017-05-18,TSCO,57.97,1.6481
2017-05-18,TSN,57.83,2.5532
2017-05-18,TSS,57.77,0.4386
2017-05-18,TWX,97.01,0.7414
2017-05-18,TXN,79.23,1.0033
2017-05-18,TXT,46.13,0.92
2017-05-18,UAA,18.89,0.7994
2017-05-18,UAL,75.98,2.3305
2017-05-18,UDR,37.86,0.212
2017-05-18,UHS,118.42,1.7679
2017-05-18,ULTA,297.82,4.8256
2017-05-18,UNH,171.45,2.0134
2017-05-18,UNM,45.26,0.5492
2017-05-18,UNP,107.14,1.4804
2017-05-18,UPS,103.19,1.6346
2017-05-18,URI,106.5,3.0089
2017-05-18,USB,50.74,0.5125
2017-05-18,UTX,119.37,0.8861
2017-05-18,V,91.71,0.5535
2017-05-18,VAR,94.6,2.2816
2017-05-18,VFC,51.76,1.2782
2017-05-18,VIAB,33.99,3.0272
2017-05-18,VLO,63.54,1.0796
2017-05-18,VMC,126.06,2.0377
2017-05-18,VNO,92.84,1.2327
2017-05-18,VRSK,78.52,1.5877
2017-05-18,VRSN,88.55,0.8197
2017-05-18,VRTX,117.93,1.9075
2017-05-18,VTR,67.43,1.4333
2017-05-18,VZ,45.04,0.6257
2017-05-18,WAT,176.33,1.1334
2017-05-18,WBA,81.45,1.5481
2017-05-18,WDC,86.11,1.533
2017-05-18,WEC,60.91,0.3913
2017-05-18,WFC,52.38,1.0248
2017-05-18,WHR,177.2,2.7524
2017-05-18,WM,70.96,0.8723
2017-05-18,WMB,29.9,0.3802
2017-05-18,WMT,77.54,0.6988
2017-05-18,WU,18.85,0.3504
2017-05-18,WY,32.7,0.2993
2017-05-18,WYN,95.62,0.5473
2017-05-18,WYNN,122.42,2.0558
2017-05-18,XEC,115.84,1.9568
2017-05-18,XEL,45.64,0.387
2017-05-18,XL,42.26,0.2217
2017-05-18,XLNX,65.61,0.988
2017-05-18,XOM,81.75,0.4071
2017-05-18,XRAY,61.66,1.4365
2017-05-18,XRX,27.96,0.314
2017-05-18,XYL,51.48,0.694
2017-05-18,YUM,69.1,1.1185
2017-05-18,ZBH,117.26,1.893
2017-05-18,ZION,39.58,0.5841
2017-05-18,ZTS,59.91,1.5673
